567,TOTOTOTOTOTOTOTOTOTOTOTO
789,A cup on the table
1000,OROROROROROROROROROROROR
1001,OROROROROROROROROROROROR
1002,OROROROROROROROROROROROR
1003,OROROROROROROROROROROROR
1004,OROROROROROROROROROROROR
1005,OROROROROROROROROROROROR
1006,OROROROROROROROROROROROR
1007,OROROROROROROROROROROROR
1008,OROROROROROROROROROROROR
1009,OROROROROROROROROROROROR
1010,OROROROROROROROROROROROR
1011,OROROROROROROROROROROROR
1012,OROROROROROROROROROROROR
1013,OROROROROROROROROROROROR
1014,OROROROROROROROROROROROR
1015,OROROROROROROROROROROROR
1016,OROROROROROROROROROROROR
1017,OROROROROROROROROROROROR
1018,OROROROROROROROROROROROR
1019,OROROROROROROROROROROROR
1020,OROROROROROROROROROROROR
1021,OROROROROROROROROROROROR
1022,OROROROROROROROROROROROR
1023,OROROROROROROROROROROROR
1024,OROROROROROROROROROROROR
1025,OROROROROROROROROROROROR
1026,OROROROROROROROROROROROR
1027,OROROROROROROROROROROROR
1028,OROROROROROROROROROROROR
1029,OROROROROROROROROROROROR
1030,OROROROROROROROROROROROR
1031,OROROROROROROROROROROROR
1032,OROROROROROROROROROROROR
1033,OROROROROROROROROROROROR
1034,OROROROROROROROROROROROR
1035,OROROROROROROROROROROROR
1036,OROROROROROROROROROROROR
1037,OROROROROROROROROROROROR
1038,OROROROROROROROROROROROR
1039,OROROROROROROROROROROROR
1040,OROROROROROROROROROROROR
1041,OROROROROROROROROROROROR
1042,OROROROROROROROROROROROR
1043,OROROROROROROROROROROROR
1044,OROROROROROROROROROROROR
1045,OROROROROROROROROROROROR
1046,OROROROROROROROROROROROR
1047,OROROROROROROROROROROROR
1048,OROROROROROROROROROROROR
1049,OROROROROROROROROROROROR
1050,OROROROROROROROROROROROR
1051,OROROROROROROROROROROROR
1052,OROROROROROROROROROROROR
1053,OROROROROROROROROROROROR
1054,OROROROROROROROROROROROR
1055,OROROROROROROROROROROROR
1056,OROROROROROROROROROROROR
1057,OROROROROROROROROROROROR
1058,OROROROROROROROROROROROR
1059,OROROROROROROROROROROROR
1060,OROROROROROROROROROROROR
1061,OROROROROROROROROROROROR
1062,OROROROROROROROROROROROR
1063,OROROROROROROROROROROROR
1064,OROROROROROROROROROROROR
1065,OROROROROROROROROROROROR
1066,OROROROROROROROROROROROR
1067,OROROROROROROROROROROROR
1068,OROROROROROROROROROROROR
1069,OROROROROROROROROROROROR
1070,OROROROROROROROROROROROR
1071,OROROROROROROROROROROROR
1072,OROROROROROROROROROROROR
1073,OROROROROROROROROROROROR
1074,OROROROROROROROROROROROR
1075,OROROROROROROROROROROROR
1076,OROROROROROROROROROROROR
1077,OROROROROROROROROROROROR
1078,OROROROROROROROROROROROR
1079,OROROROROROROROROROROROR
1080,OROROROROROROROROROROROR
1081,OROROROROROROROROROROROR
1082,OROROROROROROROROROROROR
1083,OROROROROROROROROROROROR
1084,OROROROROROROROROROROROR
1085,OROROROROROROROROROROROR
1086,OROROROROROROROROROROROR
1087,OROROROROROROROROROROROR
1088,OROROROROROROROROROROROR
1089,OROROROROROROROROROROROR
1090,OROROROROROROROROROROROR
1091,OROROROROROROROROROROROR
1092,OROROROROROROROROROROROR
1093,OROROROROROROROROROROROR
1094,OROROROROROROROROROROROR
1095,OROROROROROROROROROROROR
1096,OROROROROROROROROROROROR
1097,OROROROROROROROROROROROR
1098,OROROROROROROROROROROROR
1099,OROROROROROROROROROROROR
1100,OROROROROROROROROROROROR
1101,OROROROROROROROROROROROR
1102,OROROROROROROROROROROROR
1103,OROROROROROROROROROROROR
1104,OROROROROROROROROROROROR
1105,OROROROROROROROROROROROR
1106,OROROROROROROROROROROROR
1107,OROROROROROROROROROROROR
1108,OROROROROROROROROROROROR
1109,OROROROROROROROROROROROR
1110,OROROROROROROROROROROROR
1111,OROROROROROROROROROROROR
1112,OROROROROROROROROROROROR
1113,OROROROROROROROROROROROR
1114,OROROROROROROROROROROROR
1115,OROROROROROROROROROROROR
1116,OROROROROROROROROROROROR
1117,OROROROROROROROROROROROR
1118,OROROROROROROROROROROROR
1119,OROROROROROROROROROROROR
1120,OROROROROROROROROROROROR
1121,OROROROROROROROROROROROR
1122,OROROROROROROROROROROROR
1123,OROROROROROROROROROROROR
1124,OROROROROROROROROROROROR
1125,OROROROROROROROROROROROR
1126,OROROROROROROROROROROROR
1127,OROROROROROROROROROROROR
1128,OROROROROROROROROROROROR
1129,OROROROROROROROROROROROR
1130,OROROROROROROROROROROROR
1131,OROROROROROROROROROROROR
1132,OROROROROROROROROROROROR
1133,OROROROROROROROROROROROR
1134,OROROROROROROROROROROROR
1135,OROROROROROROROROROROROR
1136,OROROROROROROROROROROROR
1137,OROROROROROROROROROROROR
1138,OROROROROROROROROROROROR
1139,OROROROROROROROROROROROR
1140,OROROROROROROROROROROROR
1141,OROROROROROROROROROROROR
1142,OROROROROROROROROROROROR
1143,OROROROROROROROROROROROR
1144,OROROROROROROROROROROROR
1145,OROROROROROROROROROROROR
1146,OROROROROROROROROROROROR
1147,OROROROROROROROROROROROR
1148,OROROROROROROROROROROROR
1149,OROROROROROROROROROROROR
1150,OROROROROROROROROROROROR
1151,OROROROROROROROROROROROR
1152,OROROROROROROROROROROROR
1153,OROROROROROROROROROROROR
1154,OROROROROROROROROROROROR
1155,OROROROROROROROROROROROR
1156,OROROROROROROROROROROROR
1157,OROROROROROROROROROROROR
1158,OROROROROROROROROROROROR
1159,OROROROROROROROROROROROR
1160,OROROROROROROROROROROROR
1161,OROROROROROROROROROROROR
1162,OROROROROROROROROROROROR
1163,OROROROROROROROROROROROR
1164,OROROROROROROROROROROROR
1165,OROROROROROROROROROROROR
1166,OROROROROROROROROROROROR
1167,OROROROROROROROROROROROR
1168,OROROROROROROROROROROROR
1169,OROROROROROROROROROROROR
1170,OROROROROROROROROROROROR
1171,OROROROROROROROROROROROR
1172,OROROROROROROROROROROROR
1173,OROROROROROROROROROROROR
1174,OROROROROROROROROROROROR
1175,OROROROROROROROROROROROR
1176,OROROROROROROROROROROROR
1177,OROROROROROROROROROROROR
1178,OROROROROROROROROROROROR
1179,OROROROROROROROROROROROR
1180,OROROROROROROROROROROROR
1181,OROROROROROROROROROROROR
1182,OROROROROROROROROROROROR
1183,OROROROROROROROROROROROR
1184,OROROROROROROROROROROROR
1185,OROROROROROROROROROROROR
1186,OROROROROROROROROROROROR
1187,OROROROROROROROROROROROR
1188,OROROROROROROROROROROROR
1189,OROROROROROROROROROROROR
1190,OROROROROROROROROROROROR
1191,OROROROROROROROROROROROR
1192,OROROROROROROROROROROROR
1193,OROROROROROROROROROROROR
1194,OROROROROROROROROROROROR
1195,OROROROROROROROROROROROR
1196,OROROROROROROROROROROROR
1197,OROROROROROROROROROROROR
1198,OROROROROROROROROROROROR
1199,OROROROROROROROROROROROR
1200,OROROROROROROROROROROROR
1201,OROROROROROROROROROROROR
1202,OROROROROROROROROROROROR
1203,OROROROROROROROROROROROR
1204,OROROROROROROROROROROROR
1205,OROROROROROROROROROROROR
1206,OROROROROROROROROROROROR
1207,OROROROROROROROROROROROR
1208,OROROROROROROROROROROROR
1209,OROROROROROROROROROROROR
1210,OROROROROROROROROROROROR
1211,OROROROROROROROROROROROR
1212,OROROROROROROROROROROROR
1213,OROROROROROROROROROROROR
1214,OROROROROROROROROROROROR
1215,OROROROROROROROROROROROR
1216,OROROROROROROROROROROROR
1217,OROROROROROROROROROROROR
1218,OROROROROROROROROROROROR
1219,OROROROROROROROROROROROR
1220,OROROROROROROROROROROROR
1221,OROROROROROROROROROROROR
1222,OROROROROROROROROROROROR
1223,OROROROROROROROROROROROR
1224,OROROROROROROROROROROROR
1225,OROROROROROROROROROROROR
1226,OROROROROROROROROROROROR
1227,OROROROROROROROROROROROR
1228,OROROROROROROROROROROROR
1229,OROROROROROROROROROROROR
1230,OROROROROROROROROROROROR
1231,OROROROROROROROROROROROR
1232,OROROROROROROROROROROROR
1233,OROROROROROROROROROROROR
1234,OROROROROROROROROROROROR
1235,OROROROROROROROROROROROR
1236,OROROROROROROROROROROROR
1237,OROROROROROROROROROROROR
1238,OROROROROROROROROROROROR
1239,OROROROROROROROROROROROR
1240,OROROROROROROROROROROROR
1241,OROROROROROROROROROROROR
1242,OROROROROROROROROROROROR
1243,OROROROROROROROROROROROR
1244,OROROROROROROROROROROROR
1245,OROROROROROROROROROROROR
1246,OROROROROROROROROROROROR
1247,OROROROROROROROROROROROR
1248,OROROROROROROROROROROROR
1249,OROROROROROROROROROROROR
1250,OROROROROROROROROROROROR
1251,OROROROROROROROROROROROR
1252,OROROROROROROROROROROROR
1253,OROROROROROROROROROROROR
1254,OROROROROROROROROROROROR
1255,OROROROROROROROROROROROR
1256,OROROROROROROROROROROROR
1257,OROROROROROROROROROROROR
1258,OROROROROROROROROROROROR
1259,OROROROROROROROROROROROR
1260,OROROROROROROROROROROROR
1261,OROROROROROROROROROROROR
1262,OROROROROROROROROROROROR
1263,OROROROROROROROROROROROR
1264,OROROROROROROROROROROROR
1265,OROROROROROROROROROROROR
1266,OROROROROROROROROROROROR
1267,OROROROROROROROROROROROR
1268,OROROROROROROROROROROROR
1269,OROROROROROROROROROROROR
1270,OROROROROROROROROROROROR
1271,OROROROROROROROROROROROR
1272,OROROROROROROROROROROROR
1273,OROROROROROROROROROROROR
1274,OROROROROROROROROROROROR
1275,OROROROROROROROROROROROR
1276,OROROROROROROROROROROROR
1277,OROROROROROROROROROROROR
1278,OROROROROROROROROROROROR
1279,OROROROROROROROROROROROR
1280,OROROROROROROROROROROROR
1281,OROROROROROROROROROROROR
1282,OROROROROROROROROROROROR
1283,OROROROROROROROROROROROR
1284,OROROROROROROROROROROROR
1285,OROROROROROROROROROROROR
1286,OROROROROROROROROROROROR
1287,OROROROROROROROROROROROR
1288,OROROROROROROROROROROROR
1289,OROROROROROROROROROROROR
1290,OROROROROROROROROROROROR
1291,OROROROROROROROROROROROR
1292,OROROROROROROROROROROROR
1293,OROROROROROROROROROROROR
1294,OROROROROROROROROROROROR
1295,OROROROROROROROROROROROR
1296,OROROROROROROROROROROROR
1297,OROROROROROROROROROROROR
1298,OROROROROROROROROROROROR
1299,OROROROROROROROROROROROR
